n_comps,comps_size,other feature,"Fisher test pvalue(co-enriched,enriched)","Fisher test pvalue(co-enriched,others)",coenriched-enriched pvalue,coenriched-others pvalue,enriched-others pvalue,coverage/%
comps1,108,Faecalibacterium,0.0002738359766809506,0.010813898259815151,,0.02255696218682017,,25.280898876404496
comps2,14,Gastroentritis_.other_treatment.,2.1052945085729634e-05,2.0385330019069983e-05,0.4622499461255427,0.003685050346716627,0.08233627230128904,13.333333333333334
comps2,14,unclassified_Prevotellaceae,0.0027512752470307375,2.4107387039784268e-06,0.006029786560491041,0.005009119272212698,0.2922050256651686,13.333333333333334
comps2,14,Prevotella,1.2836309081521373e-06,3.106796654152766e-14,0.007784984332305466,0.019076414468185993,0.11391925030654258,14.583333333333334
comps2,14,Constipation_.days_past_week.option,0.0011182795698924729,0.021939237697294795,,0.02777296959686304,,13.636363636363635
comps2,14,unclassified_Euzebyaceae,1.215806149099293e-10,9.413969246944359e-09,,0.032969765151724506,,29.03225806451613
