n_comps,comps_size,other feature,"Fisher test pvalue(co-enriched,enriched)","Fisher test pvalue(co-enriched,others)",coenriched-enriched pvalue,coenriched-others pvalue,enriched-others pvalue,coverage/%
comps2,10,Eubacterium,3.9341137293110306e-09,4.748908042387451e-12,,0.006087850656003411,,21.73913043478261
comps2,10,unclassified_Lachnospiraceae,0.011278569022467511,0.0003561298018487944,0.011718685599768608,0.017759503057009116,0.003994711608409678,5.369127516778524
comps2,10,Faecalibacterium,1.0622107069139744e-07,0.00018985402479217188,,0.022579243703715807,,5.056179775280898
comps2,10,Ruminococcus,5.856321697452378e-05,0.0003372787117795881,0.0367138563627041,0.03566691438367605,0.09864761042929915,5.633802816901409
comps2,10,Dorea,0.0001078143867517682,0.0009420121584240071,,0.0453162973446515,,7.4074074074074066
