n_comps,comps_size,other feature,"Fisher test pvalue(co-enriched,enriched)","Fisher test pvalue(co-enriched,others)",coenriched-enriched pvalue,coenriched-others pvalue,enriched-others pvalue,coverage/%
comps0,12,Bacteroides,8.932662300943484e-13,2.0614626617171432e-08,,3.6724250294728394e-05,,9.30232558139535
comps0,12,Mean_corpuscular_hemoglobin_concentration,5.046954200033061e-10,1.7180143849886596e-08,0.6639079018776488,0.01619517244570656,0.4541742673554505,11.956521739130435
comps0,12,Height,2.6255774301163274e-07,1.7022792412652022e-12,0.005577994003398269,0.0469620947018472,0.16410350682578678,16.901408450704224
comps6,24,Prevotella,4.622902345900987e-17,3.3662003983043706e-20,,0.00297908793492757,,25.0
comps6,24,Meat_.average_past_week.option,0.0003316710196720798,0.0021004437347984448,,0.0065628656564294735,,13.333333333333334
