n_comps,comps_size,other feature,"Fisher test pvalue(co-enriched,enriched)","Fisher test pvalue(co-enriched,others)",coenriched-enriched pvalue,coenriched-others pvalue,enriched-others pvalue,coverage/%
comps1,28,unclassified_Ruminococcaceae,3.4966828135708576e-06,7.499435375489112e-18,0.019914717333588915,8.60838887405305e-06,0.10799118600991875,18.064516129032256
comps1,28,Oscillibacter,1.6092779293721494e-05,3.1732417842755514e-26,,0.00025752549280374793,,58.97435897435898
comps1,28,unclassified_Natranaerobiaceae,8.038351295565182e-09,4.1925062819889363e-22,,0.0004409736743206529,,25.0
comps1,28,unclassified_Incertae,8.038351295565182e-09,5.538121409410648e-24,,0.0014090297827057344,,28.57142857142857
comps1,28,unclassified_Veillonellaceae,3.613238907356545e-05,1.765103765494066e-18,0.14157886335524383,0.0021992839056020363,0.9203332966962398,18.79194630872483
comps1,28,Allobaculum,0.01457130427555084,1.8688032639238156e-07,,0.008796124159375793,,23.214285714285715
