n_comps,comps_size,other feature,"Fisher test pvalue(co-enriched,enriched)","Fisher test pvalue(co-enriched,others)",coenriched-enriched pvalue,coenriched-others pvalue,enriched-others pvalue,coverage/%
comps0,24,Flavonifractor,7.283755726131894e-06,4.436328587252519e-12,,0.00224929649066349,,57.89473684210527
comps0,24,Eggerthella,0.000896162088447299,5.692424282315829e-07,,0.037242544595979345,,46.666666666666664
comps0,24,J01CR02_.amoxicillin_and_enzyme_inhibitor.,0.0002133099891224327,6.588763263649877e-07,0.2059032107320684,0.03985196920853116,0.7650871933583798,25.64102564102564
comps1,18,Alpha.2.globulin,0.001568796333323085,0.011215050009579461,,0.015530939519615618,,11.11111111111111
comps1,18,Sutterella,0.00037080640605818447,0.002127331333911706,,0.02656059797894936,,13.043478260869565
comps1,18,Parabacteroides,0.001568796333323085,0.02990003827770722,,0.03204128781944523,,8.771929824561402
comps1,18,Anaerofustis,0.02384570426651078,0.012646812317998942,,0.0370433781841915,,18.75
comps1,18,unclassified_Ktedonobacteraceae,9.286252805464044e-08,1.5195511252433786e-13,,0.0402386771197594,,55.00000000000001
