n_comps,comps_size,other feature,"Fisher test pvalue(co-enriched,enriched)","Fisher test pvalue(co-enriched,others)",coenriched-enriched pvalue,coenriched-others pvalue,enriched-others pvalue,coverage/%
comps1,32,Anaerotruncus,0.010836343428730227,4.610863668916848e-05,,0.007939387472304077,,35.0
comps1,32,Alistipes,8.202623634133872e-07,0.00011542167061701792,,0.009477704685763377,,13.28125
comps1,32,Saccharofermentans,0.02417338149485981,0.00024362212679069316,,0.011445919635635786,,33.33333333333333
comps1,32,Parabacteroides,7.06827250353561e-07,5.778757019924737e-21,0.008636216760319582,0.014365552781112526,0.8685668165400052,42.10526315789473
comps1,32,Anaerofustis,0.010836343428730227,8.006961387477956e-06,,0.017235150132798308,,43.75
comps1,32,unclassified_Methanomicrobiales,0.0026518218775088078,3.607937591358224e-05,0.46893876952267,0.018331794620798963,0.6420497358773687,21.153846153846153
comps3,21,Faecalibacterium,2.5740207561925095e-12,7.865063072438053e-10,0.010587137334056945,3.793406391199944e-07,0.13112595501350216,11.235955056179774
comps3,21,Roseburia,7.328172971366541e-14,2.6460757186118955e-14,0.35939677082051935,3.83991629502132e-07,0.18723911153592887,15.555555555555555
