n_comps,comps_size,other feature,"Fisher test pvalue(co-enriched,enriched)","Fisher test pvalue(co-enriched,others)",coenriched-enriched pvalue,coenriched-others pvalue,enriched-others pvalue,coverage/%
comps0,25,Bilophila,4.847473342380731e-07,1.1247446029010457e-24,0.3270560297489956,0.002150849036560364,0.9210602359566626,30.864197530864196
comps0,25,Butyricimonas,0.024700381207323326,5.278776142581364e-06,,0.0026997960632601866,,46.15384615384615
comps0,25,unclassified_Rhodospirillaceae,0.011153359534330661,0.008657825424748706,,0.0072477843286395454,,12.068965517241379
comps0,25,Corynebacterium,0.024700381207323326,2.9272575848232544e-06,,0.010405619868873589,,50.0
comps0,25,Acetanaerobacterium,0.0003605572423545741,1.1590425895093536e-13,,0.015721068147796814,,73.33333333333333
comps0,25,Ruminococcus,0.002238199629010746,0.008983748559803682,0.4226780741706355,0.026150964533412587,0.4800857301347856,8.450704225352112
