n_comps,comps_size,other feature,"Fisher test pvalue(co-enriched,enriched)","Fisher test pvalue(co-enriched,others)",coenriched-enriched pvalue,coenriched-others pvalue,enriched-others pvalue,coverage/%
comps0,25,Bacteroides,1.0603847936457807e-07,2.6649190714568415e-18,0.00026224030884096865,0.003137939138927201,0.4268104404184989,19.379844961240313
comps0,25,Smoker,0.0008884113547607052,7.086887400727329e-06,,0.021422854426078317,,21.27659574468085
comps0,25,L04AX01_.azathioprine.,3.4492639616349018e-06,1.938748955802891e-16,,0.021503576384519937,,50.0
comps0,25,Shift_work:True,5.068548322400325e-08,5.198705887156303e-16,,0.03580954162652756,,33.33333333333333
comps0,25,Clostridium_XlVb,9.123218478049201e-07,2.6086934755051587e-09,,0.04880139985538068,,18.681318681318682
comps4,13,Prevotella,9.826442349658767e-12,5.558639330086754e-11,,0.0001603639830268994,,13.541666666666666
