n_comps,comps_size,other feature,"Fisher test pvalue(co-enriched,enriched)","Fisher test pvalue(co-enriched,others)",coenriched-enriched pvalue,coenriched-others pvalue,enriched-others pvalue,coverage/%
comps2,14,unclassified_Euzebyaceae,0.007826086956521719,1.624636805550545e-06,,0.0006697294490218288,,22.58064516129032
comps2,14,Uric_acid,0.00015255530129672001,1.1460307248128867e-13,0.4496917979688909,0.01283487046749482,0.5783231679101033,17.94871794871795
comps2,14,Dorea,0.0029290617848970204,0.00015309908037489553,,0.022637307352875377,,9.876543209876543
comps2,14,Clostridium_sensu_stricto,0.04637681159420287,0.033503988485823054,,0.0252759841753595,,6.172839506172839
