n_comps,comps_size,other feature,"Fisher test pvalue(co-enriched,enriched)","Fisher test pvalue(co-enriched,others)",coenriched-enriched pvalue,coenriched-others pvalue,enriched-others pvalue,coverage/%
comps1,23,Sutterella,0.027332195420638722,9.466441286712245e-06,0.05934643879191985,0.0001239959796610877,0.43369678371068787,19.565217391304348
comps1,23,unclassified_Methanomicrobiales,0.027332195420638722,3.2839906801218175e-05,0.039170166029983945,0.0013180748711794587,0.48330324160257043,17.307692307692307
comps1,23,Gender:F,2.411858042679653e-09,2.072141280853011e-10,0.6263543610340876,0.021922591687682427,0.27726024810172945,14.184397163120568
comps1,23,Fruits_.days_since_consumed.option,0.0008420848247450602,0.0031995838379093523,,0.023709134088553244,,15.789473684210526
comps2,31,Faecalibacterium,1.1405021222851517e-12,1.2642578790041888e-07,,0.0022931636228281896,,13.48314606741573
comps2,31,Mean_corpuscular_hemoglobin_concentration,1.570867026860196e-07,3.618121917712303e-06,,0.004920508285025548,,17.391304347826086
comps2,31,Beer_consumption.option,1.6438437255869962e-10,8.278678064472973e-13,,0.007290358091535638,,27.631578947368425
comps2,31,unclassified_Simkaniaceae,0.0024372802923304706,0.028085671539787402,,0.01798282924769084,,12.5
comps2,31,Bloating_.days_past_week.option,0.0024372802923304706,0.00020303965343720988,,0.045797938810819776,,28.000000000000004
