n_comps,comps_size,other feature,"Fisher test pvalue(co-enriched,enriched)","Fisher test pvalue(co-enriched,others)",coenriched-enriched pvalue,coenriched-others pvalue,enriched-others pvalue,coverage/%
comps0,17,Bacteroides,2.889304948801524e-06,2.8944660639819838e-12,,0.002399050676514062,,13.178294573643413
comps0,17,Sutterella,0.02233721655918453,7.988592233535934e-07,,0.004946256971160372,,19.565217391304348
comps0,17,unclassified_Methanomicrobiales,0.018757367727619486,1.586187124026709e-07,,0.005527445269319086,,19.230769230769234
comps0,17,Gender:F,0.00034671659385618315,4.534117220553928e-07,,0.00660172396360161,,9.929078014184398
