n_comps,comps_size,other feature,"Fisher test pvalue(co-enriched,enriched)","Fisher test pvalue(co-enriched,others)",coenriched-enriched pvalue,coenriched-others pvalue,enriched-others pvalue,coverage/%
comps0,13,Holdemania,0.008692903429745522,0.00033980708459838,,0.02354005826117797,,23.52941176470588
comps0,13,Bacteroides,6.894492339276198e-08,1.996599647136739e-09,0.15776958356672988,0.024986715481665173,0.036084926036773636,10.077519379844961
comps0,13,Gemella,0.008692903429745522,5.094115540633463e-05,,0.037635313787314315,,36.36363636363637
comps2,21,Bristol_stool_score,3.3579518030840698e-06,2.7486956124712657e-10,0.023342202012890816,0.016032940383380156,0.09620511425305815,14.285714285714285
comps2,21,Roseburia,5.426469613730819e-07,4.092284685007384e-11,0.041675721521795966,0.027874367339946877,0.43884418453936536,14.074074074074074
comps2,21,Smoking_with_inhalation:Ja,0.0002626594746494055,6.7265655174757e-11,0.901287773180033,0.0383821411919622,0.21294073078349907,28.888888888888886
